Number,Date_Raw,date,Day,Month,Year,Daily minimum temperature,Daily maximum temperature,Maximum steady wind,Maximum wind gust,rainfall,Pressure,cloud_cover,Description,,,Date
1,2022/01/01,1/1/2022,1,1,2022,17�C,25�C,45 Km/h,63 Km/h,0.5,1012.4mb,25%,weather events not reported,,,01/01/22
2,2022/02/01,2/1/2022,2,1,2022,18�C,23�C,21 Km/h,N/A,0,1017.1mb,0%,weather events not reported,,,02/01/22
3,2022/03/01,3/1/2022,3,1,2022,18�C,26�C,32 Km/h,N/A,0,N/A,0%,weather events not reported,,,03/01/22
4,2022/04/01,4/1/2022,4,1,2022,20�C,28�C,28 Km/h,41 Km/h,0.5,1010.4mb,25%,Thunderstorm,,,04/01/22
6,2022/05/01,5/1/2022,5,1,2022,19�C,25�C,42 Km/h,55 Km/h,0.2,N/A,25%,weather events not reported,,,05/01/22
7,2022/06/01,6/1/2022,6,1,2022,18�C,23�C,24 Km/h,N/A,0,1017.5mb,0%,Rain,,,06/01/22
8,2022/07/01,7/1/2022,7,1,2022,20�C,24�C,26 Km/h,N/A,7.1,N/A,25%,Rain,,,07/01/22
9,2022/08/01,8/1/2022,8,1,2022,18�C,25�C,37 Km/h,41 Km/h,0,1018.5mb,0%,Fog,,,08/01/22
12,2022/09/01,9/1/2022,9,1,2022,20�C,29�C,35 Km/h,61 Km/h,57.9,1011.6mb,80%,Rain,,,09/01/22
13,2022/10/01,10/1/2022,10,1,2022,19�C,27�C,26 Km/h,37 Km/h,0,1006.8mb,0%,Rain,,,10/01/22
14,2022/11/01,11/1/2022,11,1,2022,18�C,24�C,29 Km/h,N/A,0,N/A,0%,Rain,,,11/01/22
15,2022/12/01,12/1/2022,12,1,2022,17�C,24�C,22 Km/h,N/A,0,1018.8mb,0%,weather events not reported,,,12/01/22
16,1/13/2022,13/1/2022,13,1,2022,20�C,25�C,28 Km/h,N/A,0,1017.5mb,0%,Rain,,,1/13/22
17,1/14/2022,14/1/2022,14,1,2022,21�C,28�C,32 Km/h,45 Km/h,0.5,1017.5mb,25%,Rain,,,1/14/22
18,1/15/2022,15/1/2022,15,1,2022,23�C,28�C,28 Km/h,37 Km/h,0,1010.8mb,0%,weather events not reported,,,1/15/22
19,1/16/2022,16/1/2022,16,1,2022,19�C,30�C,28 Km/h,N/A,0,1010.8mb,0%,weather events not reported,,,1/16/22
20,1/17/2022,17/1/2022,17,1,2022,18�C,26�C,21 Km/h,N/A,0,1016.0mb,0%,weather events not reported,,,1/17/22
21,1/18/2022,18/1/2022,18,1,2022,20�C,30�C,24 Km/h,N/A,0,N/A,0%,weather events not reported,,,1/18/22
22,1/19/2022,19/1/2022,19,1,2022,18�C,25�C,28 Km/h,N/A,0.5,1019.5mb,25%,weather events not reported,,,1/19/22
23,1/20/2022,20/1/2022,20,1,2022,19�C,30�C,22 Km/h,N/A,0,N/A,0%,weather events not reported,,,1/20/22
24,1/21/2022,21/1/2022,21,1,2022,18�C,26�C,21 Km/h,N/A,0,N/A,0%,weather events not reported,,,1/21/22
25,1/22/2022,22/1/2022,22,1,2022,21�C,27�C,41 Km/h,63 Km/h,0,N/A,0%,weather events not reported,,,1/22/22
26,1/23/2022,23/1/2022,23,1,2022,20�C,29�C,37 Km/h,58 Km/h,0,N/A,0%,weather events not reported,,,1/23/22
27,1/24/2022,24/1/2022,24,1,2022,20�C,30�C,28 Km/h,N/A,0,1013.4mb,0%,weather events not reported,,,1/24/22
28,1/25/2022,25/1/2022,25,1,2022,18�C,26�C,24 Km/h,N/A,0,N/A,0%,weather events not reported,,,1/25/22
29,1/26/2022,26/1/2022,26,1,2022,21�C,27�C,28 Km/h,N/A,0.5,1015.1mb,25%,Rain,,,1/26/22
30,1/27/2022,27/1/2022,27,1,2022,22�C,29�C,16 Km/h,N/A,0.5,N/A,25%,weather events not reported,,,1/27/22
31,1/28/2022,28/1/2022,28,1,2022,21�C,25�C,41 Km/h,55 Km/h,0,N/A,0%,weather events not reported,,,1/28/22
32,1/29/2022,29/1/2022,29,1,2022,16�C,24�C,26 Km/h,N/A,0.5,1018.4mb,25%,weather events not reported,,,1/29/22
33,1/30/2022,30/1/2022,30,1,2022,18�C,28�C,34 Km/h,46 Km/h,0,N/A,0%,weather events not reported,,,1/30/22
34,1/31/2022,31/1/2022,31,1,2022,21�C,29�C,N/A,N/A,0,1011.2mb,0%,weather events not reported,,,1/31/22
35,2022/01/02,1/2/2022,1,2,2022,22�C,28�C,15 Km/h,N/A,2,1009.2mb,25%,Rain,,,01/02/22
36,2022/02/02,2/2/2022,2,2,2022,22�C,34�C,22 Km/h,34 Km/h,0,N/A,0%,Thunderstorm,,,02/02/22
38,2022/03/02,3/2/2022,3,2,2022,20�C,24�C,29 Km/h,N/A,43.9,N/A,80%,Rain,,,03/02/22
39,2022/04/02,4/2/2022,4,2,2022,18�C,22�C,24 Km/h,N/A,6,N/A,25%,Rain,,,04/02/22
40,2022/05/02,5/2/2022,5,2,2022,18�C,21�C,28 Km/h,41 Km/h,3,N/A,25%,Rain,,,05/02/22
41,2022/06/02,6/2/2022,6,2,2022,19�C,26�C,37 Km/h,59 Km/h,0.2,1018.4mb,25%,weather events not reported,,,06/02/22
42,2022/07/02,7/2/2022,7,2,2022,20�C,30�C,24 Km/h,N/A,0,1014.2mb,0%,weather events not reported,,,07/02/22
43,2022/08/02,8/2/2022,8,2,2022,20�C,30�C,22 Km/h,N/A,0.2,N/A,25%,weather events not reported,,,08/02/22
44,2022/09/02,9/2/2022,9,2,2022,15�C,25�C,29 Km/h,N/A,0,N/A,0%,weather events not reported,,,09/02/22
45,2022/10/02,10/2/2022,10,2,2022,15�C,25�C,29 Km/h,N/A,0,N/A,0%,weather events not reported,,,10/02/22
46,2022/11/02,11/2/2022,11,2,2022,19�C,26�C,22 Km/h,N/A,0,N/A,0%,weather events not reported,,,11/02/22
47,2022/12/02,12/2/2022,12,2,2022,19�C,29�C,32 Km/h,42 Km/h,0,1013.3mb,0%,weather events not reported,,,12/02/22
48,2/13/2022,13/2/2022,13,2,2022,21�C,28�C,32 Km/h,N/A,0,1012.0mb,0%,weather events not reported,,,2/13/22
49,2/14/2022,14/2/2022,14,2,2022,19�C,23�C,22 Km/h,N/A,12.9,1019.6mb,40%,Rain,,,2/14/22
50,2/15/2022,15/2/2022,15,2,2022,20�C,28�C,32 Km/h,52 Km/h,0,1015.2mb,0%,Thunderstorm,,,2/15/22
52,2/16/2022,16/2/2022,16,2,2022,22�C,25�C,28 Km/h,N/A,8.8,N/A,25%,Rain,,,2/16/22
53,2/17/2022,17/2/2022,17,2,2022,17�C,24�C,28 Km/h,N/A,0,1018.6mb,0%,weather events not reported,,,2/17/22
54,2/18/2022,18/2/2022,18,2,2022,17�C,25�C,29 Km/h,48 Km/h,0,N/A,0%,weather events not reported,,,2/18/22
55,2/19/2022,19/2/2022,19,2,2022,19�C,29�C,22 Km/h,N/A,0,1008.9mb,0%,weather events not reported,,,2/19/22
56,2/20/2022,20/2/2022,20,2,2022,17�C,26�C,37 Km/h,50 Km/h,2,N/A,25%,weather events not reported,,,2/20/22
57,2/21/2022,21/2/2022,21,2,2022,18�C,25�C,22 Km/h,N/A,0,1014.2mb,0%,weather events not reported,,,2/21/22
58,2/22/2022,22/2/2022,22,2,2022,16�C,26�C,N/A,N/A,0,1016.2mb,0%,weather events not reported,,,2/22/22
59,2/23/2022,23/2/2022,23,2,2022,19�C,29�C,29 Km/h,46 Km/h,0,N/A,0%,weather events not reported,,,2/23/22
60,2/24/2022,24/2/2022,24,2,2022,23�C,29�C,34 Km/h,48 Km/h,2,N/A,25%,Rain,,,2/24/22
61,2/25/2022,25/2/2022,25,2,2022,22�C,26�C,35 Km/h,52 Km/h,0,1015.0mb,0%,weather events not reported,,,2/25/22
62,2/26/2022,26/2/2022,26,2,2022,18�C,26�C,29 Km/h,N/A,0.7,1017.1mb,25%,Rain,,,2/26/22
63,2/27/2022,27/2/2022,27,2,2022,20�C,24�C,21 Km/h,N/A,3,1016.2mb,25%,Rain,,,2/27/22
64,2/28/2022,28/2/2022,28,2,2022,19�C,27�C,35 Km/h,54 Km/h,5,N/A,25%,weather events not reported,,,2/28/22
65,2022/01/03,1/3/2022,1,3,2022,20�C,28�C,35 Km/h,54 Km/h,7.8,N/A,25%,Thunderstorm,,,01/03/22
67,2022/02/03,2/3/2022,2,3,2022,19�C,27�C,28 Km/h,N/A,3,1008.5mb,25%,weather events not reported,,,02/03/22
68,2022/03/03,3/3/2022,3,3,2022,19�C,27�C,26 Km/h,N/A,5,N/A,25%,Rain,,,03/03/22
69,2022/04/03,4/3/2022,4,3,2022,18�C,23�C,35 Km/h,58 Km/h,0.7,N/A,25%,Rain,,,04/03/22
70,2022/05/03,5/3/2022,5,3,2022,17�C,25�C,16 Km/h,N/A,0,1019.9mb,0%,weather events not reported,,,05/03/22
71,2022/06/03,6/3/2022,6,3,2022,19�C,26�C,24 Km/h,N/A,0,1015.0mb,0%,Rain,,,06/03/22
72,2022/07/03,7/3/2022,7,3,2022,20�C,28�C,26 Km/h,N/A,1,1011.9mb,25%,Rain,,,07/03/22
73,2022/08/03,8/3/2022,8,3,2022,20�C,25�C,N/A,N/A,0,1016.6mb,0%,weather events not reported,,,08/03/22
74,2022/09/03,9/3/2022,9,3,2022,17�C,27�C,34 Km/h,46 Km/h,0,N/A,0%,weather events not reported,,,09/03/22
75,2022/10/03,10/3/2022,10,3,2022,19�C,27�C,37 Km/h,54 Km/h,0,N/A,0%,weather events not reported,,,10/03/22
76,2022/11/03,11/3/2022,11,3,2022,18�C,28�C,29 Km/h,N/A,0,1016.4mb,0%,weather events not reported,,,11/03/22
77,2022/12/03,12/3/2022,12,3,2022,20�C,31�C,22 Km/h,N/A,0,N/A,0%,weather events not reported,,,12/03/22
78,3/13/2022,13/3/2022,13,3,2022,19�C,29�C,32 Km/h,N/A,10.9,1007.2mb,40%,Thunderstorm,,,3/13/22
80,3/14/2022,14/3/2022,14,3,2022,15�C,21�C,37 Km/h,52 Km/h,0.2,N/A,25%,Rain,,,3/14/22
81,3/15/2022,15/3/2022,15,3,2022,15�C,22�C,32 Km/h,N/A,4,1019.4mb,25%,Rain,,,3/15/22
82,3/16/2022,16/3/2022,16,3,2022,16�C,24�C,N/A,N/A,4,1019.2mb,25%,weather events not reported,,,3/16/22
83,3/17/2022,17/3/2022,17,3,2022,16�C,26�C,26 Km/h,N/A,0,1021.6mb,0%,weather events not reported,,,3/17/22
84,3/18/2022,18/3/2022,18,3,2022,18�C,27�C,24 Km/h,N/A,0,1019.0mb,0%,weather events not reported,,,3/18/22
85,3/19/2022,19/3/2022,19,3,2022,19�C,25�C,15 Km/h,N/A,0,1019.6mb,0%,weather events not reported,,,3/19/22
86,3/20/2022,20/3/2022,20,3,2022,17�C,26�C,21 Km/h,N/A,0,1020.0mb,0%,weather events not reported,,,3/20/22
87,3/21/2022,21/3/2022,21,3,2022,17�C,27�C,28 Km/h,42 Km/h,0,1018.1mb,0%,weather events not reported,,,3/21/22
88,3/22/2022,22/3/2022,22,3,2022,20�C,28�C,26 Km/h,N/A,0,1017.3mb,0%,weather events not reported,,,3/22/22
89,3/23/2022,23/3/2022,23,3,2022,18�C,29�C,15 Km/h,N/A,0,1012.6mb,0%,weather events not reported,,,3/23/22
90,3/24/2022,24/3/2022,24,3,2022,18�C,24�C,35 Km/h,65 Km/h,0,1010.2mb,0%,Rain,,,3/24/22
91,3/25/2022,25/3/2022,25,3,2022,16�C,21�C,24 Km/h,N/A,41.9,1015.5mb,80%,Rain,,,3/25/22
92,3/26/2022,26/3/2022,26,3,2022,15�C,21�C,N/A,N/A,5.3,1018.0mb,25%,Rain,,,3/26/22
93,3/27/2022,27/3/2022,27,3,2022,17�C,23�C,29 Km/h,50 Km/h,0.5,N/A,25%,Rain,,,3/27/22
94,3/28/2022,28/3/2022,28,3,2022,17�C,33�C,21 Km/h,N/A,0,1012.1mb,0%,weather events not reported,,,3/28/22
95,3/29/2022,29/3/2022,29,3,2022,18�C,38�C,34 Km/h,65 Km/h,0,1007.9mb,0%,weather events not reported,,,3/29/22
96,3/30/2022,30/3/2022,30,3,2022,19�C,24�C,16 Km/h,N/A,0,1012.2mb,0%,weather events not reported,,,3/30/22
97,3/31/2022,31/3/2022,31,3,2022,18�C,23�C,28 Km/h,N/A,1.5,1017.2mb,25%,Thunderstorm,,,3/31/22
99,2022/01/04,1/4/2022,1,4,2022,17�C,21�C,26 Km/h,N/A,11.9,1017.2mb,40%,Rain,,,01/04/22
100,2022/02/04,2/4/2022,2,4,2022,16�C,19�C,22 Km/h,N/A,12.1,N/A,40%,Rain,,,02/04/22
101,2022/03/04,3/4/2022,3,4,2022,17�C,25�C,26 Km/h,N/A,22.6,1011.1mb,40%,Rain,,,03/04/22
102,2022/04/04,4/4/2022,4,4,2022,18�C,25�C,22 Km/h,N/A,0.2,1005.6mb,25%,weather events not reported,,,04/04/22
103,2022/05/04,5/4/2022,5,4,2022,15�C,23�C,24 Km/h,N/A,0,1010.8mb,0%,weather events not reported,,,05/04/22
104,2022/06/04,6/4/2022,6,4,2022,16�C,23�C,32 Km/h,50 Km/h,0,N/A,0%,weather events not reported,,,06/04/22
105,2022/07/04,7/4/2022,7,4,2022,13�C,22�C,41 Km/h,61 Km/h,0,N/A,0%,weather events not reported,,,07/04/22
106,2022/08/04,8/4/2022,8,4,2022,13�C,18�C,22 Km/h,N/A,1,1029.4mb,25%,Rain,,,08/04/22
107,2022/09/04,9/4/2022,9,4,2022,14�C,18�C,N/A,N/A,3,N/A,25%,Rain,,,09/04/22
108,2022/10/04,10/4/2022,10,4,2022,15�C,21�C,35 Km/h,48 Km/h,0,1025.4mb,0%,Rain,,,10/04/22
109,2022/11/04,11/4/2022,11,4,2022,17�C,24�C,26 Km/h,N/A,4,1023.2mb,25%,weather events not reported,,,11/04/22
110,2022/12/04,12/4/2022,12,4,2022,17�C,22�C,22 Km/h,N/A,0,1018.3mb,0%,Rain,,,12/04/22
111,4/13/2022,13/4/2022,13,4,2022,19�C,25�C,N/A,N/A,24.8,N/A,40%,Rain,,,4/13/22
112,4/14/2022,14/4/2022,14,4,2022,16�C,22�C,21 Km/h,N/A,0,N/A,0%,Rain,,,4/14/22
113,4/15/2022,15/4/2022,15,4,2022,15�C,19�C,41 Km/h,58 Km/h,2,1019.3mb,25%,Rain,,,4/15/22
114,4/16/2022,16/4/2022,16,4,2022,13�C,18�C,13 Km/h,N/A,0.5,1029.9mb,25%,Rain,,,4/16/22
115,4/17/2022,17/4/2022,17,4,2022,13�C,22�C,21 Km/h,N/A,0.7,N/A,25%,Rain,,,4/17/22
116,4/18/2022,18/4/2022,18,4,2022,15�C,25�C,28 Km/h,N/A,0,1022.3mb,0%,Rain,,,4/18/22
117,4/19/2022,19/4/2022,19,4,2022,17�C,22�C,16 Km/h,N/A,0.2,1024.6mb,25%,weather events not reported,,,4/19/22
118,4/20/2022,20/4/2022,20,4,2022,18�C,26�C,24 Km/h,N/A,0,N/A,0%,weather events not reported,,,4/20/22
119,4/21/2022,21/4/2022,21,4,2022,16�C,32�C,11 Km/h,N/A,0,N/A,0%,weather events not reported,,,4/21/22
120,4/22/2022,22/4/2022,22,4,2022,15�C,23�C,35 Km/h,N/A,5,N/A,25%,Fog,,,4/22/22
123,4/23/2022,23/4/2022,23,4,2022,15�C,19�C,15 Km/h,N/A,4,1017.7mb,25%,Rain,,,4/23/22
124,4/24/2022,24/4/2022,24,4,2022,14�C,22�C,35 Km/h,N/A,0,1015.0mb,0%,weather events not reported,,,4/24/22
125,4/25/2022,25/4/2022,25,4,2022,14�C,20�C,34 Km/h,52 Km/h,3.3,1021.1mb,25%,Rain,,,4/25/22
126,4/26/2022,26/4/2022,26,4,2022,13�C,22�C,29 Km/h,N/A,0,N/A,0%,weather events not reported,,,4/26/22
127,4/27/2022,27/4/2022,27,4,2022,13�C,21�C,N/A,N/A,4,N/A,25%,Rain,,,4/27/22
128,4/28/2022,28/4/2022,28,4,2022,10�C,27�C,13 Km/h,N/A,0,N/A,0%,weather events not reported,,,4/28/22
129,4/29/2022,29/4/2022,29,4,2022,16�C,30�C,48 Km/h,72 Km/h,0,1010.6mb,0%,weather events not reported,,,4/29/22
130,4/30/2022,30/4/2022,30,4,2022,15�C,23�C,35 Km/h,50 Km/h,0,1020.0mb,0%,weather events not reported,,,4/30/22
131,2022/01/05,1/5/2022,1,5,2022,15�C,24�C,29 Km/h,N/A,0,1025.8mb,0%,weather events not reported,,,01/05/22
132,2022/02/05,2/5/2022,2,5,2022,12�C,23�C,22 Km/h,N/A,0,1024.7mb,0%,weather events not reported,,,02/05/22
133,2022/03/05,3/5/2022,3,5,2022,11�C,27�C,15 Km/h,N/A,0,N/A,0%,weather events not reported,,,03/05/22
134,2022/04/05,4/5/2022,4,5,2022,13�C,23�C,13 Km/h,N/A,0,N/A,0%,weather events not reported,,,04/05/22
135,2022/05/05,5/5/2022,5,5,2022,14�C,27�C,11 Km/h,N/A,0,1017.7mb,0%,weather events not reported,,,05/05/22
136,2022/06/05,6/5/2022,6,5,2022,13�C,23�C,N/A,N/A,0,1013.6mb,0%,weather events not reported,,,06/05/22
137,2022/07/05,7/5/2022,7,5,2022,17�C,22�C,21 Km/h,N/A,2,1016.3mb,25%,Rain,,,07/05/22
138,2022/08/05,8/5/2022,8,5,2022,15�C,21�C,26 Km/h,N/A,11.9,1021.2mb,40%,weather events not reported,,,08/05/22
139,2022/09/05,9/5/2022,9,5,2022,13�C,22�C,13 Km/h,N/A,0,1019.9mb,0%,weather events not reported,,,09/05/22
140,2022/10/05,10/5/2022,10,5,2022,10�C,25�C,15 Km/h,N/A,0,N/A,0%,weather events not reported,,,10/05/22
141,2022/11/05,11/5/2022,11,5,2022,15�C,22�C,34 Km/h,48 Km/h,0,1015.3mb,0%,weather events not reported,,,11/05/22
142,2022/12/05,12/5/2022,12,5,2022,11�C,24�C,16 Km/h,N/A,0,N/A,0%,weather events not reported,,,12/05/22
143,5/13/2022,13/5/2022,13,5,2022,15�C,22�C,26 Km/h,N/A,0,N/A,0%,weather events not reported,,,5/13/22
144,5/14/2022,14/5/2022,14,5,2022,14�C,22�C,28 Km/h,N/A,0,N/A,0%,weather events not reported,,,5/14/22
145,5/15/2022,15/5/2022,15,5,2022,11�C,22�C,21 Km/h,N/A,0,1028.0mb,0%,weather events not reported,,,5/15/22
146,5/16/2022,16/5/2022,16,5,2022,11�C,26�C,13 Km/h,N/A,0,1024.4mb,0%,weather events not reported,,,5/16/22
147,5/17/2022,17/5/2022,17,5,2022,18�C,32�C,21 Km/h,N/A,0,N/A,0%,weather events not reported,,,5/17/22
148,5/18/2022,18/5/2022,18,5,2022,19�C,29�C,N/A,N/A,0,1013.4mb,0%,weather events not reported,,,5/18/22
149,5/19/2022,19/5/2022,19,5,2022,14�C,24�C,32 Km/h,N/A,1,1012.4mb,25%,Thunderstorm,,,5/19/22
150,5/20/2022,20/5/2022,20,5,2022,13�C,14�C,26 Km/h,N/A,37,N/A,80%,Rain,,,5/20/22
151,5/21/2022,21/5/2022,21,5,2022,13�C,17�C,21 Km/h,N/A,36,1023.8mb,80%,Rain,,,5/21/22
152,5/22/2022,22/5/2022,22,5,2022,9�C,20�C,15 Km/h,N/A,3,N/A,25%,weather events not reported,,,5/22/22
153,5/23/2022,23/5/2022,23,5,2022,11�C,23�C,15 Km/h,N/A,0,1018.1mb,0%,weather events not reported,,,5/23/22
154,5/24/2022,24/5/2022,24,5,2022,13�C,24�C,29 Km/h,N/A,0,N/A,0%,weather events not reported,,,5/24/22
155,5/25/2022,25/5/2022,25,5,2022,14�C,21�C,16 Km/h,N/A,0,N/A,0%,weather events not reported,,,5/25/22
156,5/26/2022,26/5/2022,26,5,2022,14�C,20�C,26 Km/h,N/A,0,N/A,0%,weather events not reported,,,5/26/22
157,5/27/2022,27/5/2022,27,5,2022,13�C,20�C,21 Km/h,N/A,0,N/A,0%,weather events not reported,,,5/27/22
158,5/28/2022,28/5/2022,28,5,2022,10�C,27�C,16 Km/h,N/A,0,N/A,0%,weather events not reported,,,5/28/22
159,5/29/2022,29/5/2022,29,5,2022,11�C,22�C,50 Km/h,78 Km/h,0,N/A,0%,Rain,,,5/29/22
160,5/30/2022,30/5/2022,30,5,2022,9�C,18�C,34 Km/h,N/A,0,1025.3mb,0%,weather events not reported,,,5/30/22
161,5/31/2022,31/5/2022,31,5,2022,9�C,20�C,45 Km/h,65 Km/h,0,1024.7mb,0%,weather events not reported,,,5/31/22
162,2022/01/06,1/6/2022,1,6,2022,10�C,21�C,34 Km/h,N/A,0,N/A,0%,weather events not reported,,,01/06/22
163,2022/02/06,2/6/2022,2,6,2022,10�C,21�C,15 Km/h,N/A,0,N/A,0%,weather events not reported,,,02/06/22
164,2022/03/06,3/6/2022,3,6,2022,7�C,22�C,16 Km/h,N/A,0,1023.8mb,0%,weather events not reported,,,03/06/22
165,2022/04/06,4/6/2022,4,6,2022,9�C,22�C,26 Km/h,N/A,0,1022.1mb,0%,weather events not reported,,,04/06/22
166,2022/05/06,5/6/2022,5,6,2022,14�C,20�C,21 Km/h,N/A,0,1030.9mb,0%,weather events not reported,,,05/06/22
167,2022/06/06,6/6/2022,6,6,2022,12�C,23�C,11 Km/h,N/A,0,1027.2mb,0%,weather events not reported,,,06/06/22
168,2022/07/06,7/6/2022,7,6,2022,10�C,24�C,13 Km/h,N/A,0,N/A,0%,weather events not reported,,,07/06/22
169,2022/08/06,8/6/2022,8,6,2022,11�C,24�C,16 Km/h,N/A,0,1022.9mb,0%,weather events not reported,,,08/06/22
170,2022/09/06,9/6/2022,9,6,2022,14�C,22�C,35 Km/h,46 Km/h,0,1023.4mb,0%,weather events not reported,,,09/06/22
171,2022/10/06,10/6/2022,10,6,2022,11�C,22�C,13 Km/h,N/A,0,1025.5mb,0%,weather events not reported,,,10/06/22
172,2022/11/06,11/6/2022,11,6,2022,14�C,29�C,21 Km/h,N/A,0,1019.5mb,0%,weather events not reported,,,11/06/22
173,2022/12/06,12/6/2022,12,6,2022,17�C,28�C,28 Km/h,N/A,0,N/A,0%,weather events not reported,,,12/06/22
174,6/13/2022,13/6/2022,13,6,2022,21�C,28�C,32 Km/h,50 Km/h,0,1009.6mb,0%,weather events not reported,,,6/13/22
175,6/14/2022,14/6/2022,14,6,2022,16�C,24�C,N/A,35 Km/h,0.2,1006.4mb,25%,weather events not reported,,,6/14/22
176,6/15/2022,15/6/2022,15,6,2022,10�C,16�C,54 Km/h,74 Km/h,0.2,1017.1mb,25%,weather events not reported,,,6/15/22
177,6/16/2022,16/6/2022,16,6,2022,8�C,17�C,29 Km/h,N/A,0,1022.6mb,0%,weather events not reported,,,6/16/22
178,6/17/2022,17/6/2022,17,6,2022,8�C,22�C,N/A,N/A,0,1015.0mb,0%,weather events not reported,,,6/17/22
179,6/18/2022,18/6/2022,18,6,2022,11�C,28�C,34 Km/h,45 Km/h,0,N/A,0%,weather events not reported,,,6/18/22
180,6/19/2022,19/6/2022,19,6,2022,13�C,19�C,24 Km/h,N/A,0,1022.0mb,0%,weather events not reported,,,6/19/22
181,6/20/2022,20/6/2022,20,6,2022,12�C,17�C,13 Km/h,N/A,0,1029.4mb,0%,weather events not reported,,,6/20/22
182,6/21/2022,21/6/2022,21,6,2022,14�C,22�C,N/A,N/A,0,1024.7mb,0%,weather events not reported,,,6/21/22
183,6/22/2022,22/6/2022,22,6,2022,15�C,21�C,21 Km/h,39 Km/h,0,1022.8mb,0%,weather events not reported,,,6/22/22
184,6/23/2022,23/6/2022,23,6,2022,14�C,23�C,22 Km/h,N/A,0.5,1016.2mb,25%,Rain,,,6/23/22
185,6/24/2022,24/6/2022,24,6,2022,12�C,19�C,35 Km/h,50 Km/h,0,1024.1mb,0%,Rain,,,6/24/22
186,6/25/2022,25/6/2022,25,6,2022,10�C,19�C,28 Km/h,N/A,2,1030.6mb,25%,weather events not reported,,,6/25/22
187,6/26/2022,26/6/2022,26,6,2022,8�C,20�C,16 Km/h,N/A,0,1033.5mb,0%,weather events not reported,,,6/26/22
188,6/27/2022,27/6/2022,27,6,2022,7�C,21�C,N/A,N/A,0,N/A,0%,weather events not reported,,,6/27/22
189,6/28/2022,28/6/2022,28,6,2022,6�C,21�C,13 Km/h,N/A,0,1032.6mb,0%,weather events not reported,,,6/28/22
190,6/29/2022,29/6/2022,29,6,2022,11�C,26�C,24 Km/h,N/A,0,1028.7mb,0%,weather events not reported,,,6/29/22
191,6/30/2022,30/6/2022,30,6,2022,10�C,24�C,16 Km/h,N/A,0,1026.3mb,0%,weather events not reported,,,6/30/22
192,2022/01/07,1/7/2022,1,7,2022,14�C,26�C,22 Km/h,N/A,0,N/A,0%,weather events not reported,,,01/07/22
193,2022/02/07,2/7/2022,2,7,2022,12�C,29�C,32 Km/h,54 Km/h,0,1016.0mb,0%,weather events not reported,,,02/07/22
194,2022/03/07,3/7/2022,3,7,2022,14�C,20�C,22 Km/h,N/A,0.2,1018.5mb,25%,weather events not reported,,,03/07/22
195,2022/04/07,4/7/2022,4,7,2022,14�C,18�C,11 Km/h,N/A,1,N/A,25%,weather events not reported,,,04/07/22
196,2022/05/07,5/7/2022,5,7,2022,13�C,20�C,N/A,N/A,0,1020.8mb,0%,Rain,,,05/07/22
197,2022/06/07,6/7/2022,6,7,2022,13�C,20�C,21 Km/h,N/A,5,1023.0mb,25%,weather events not reported,,,06/07/22
198,2022/07/07,7/7/2022,7,7,2022,9�C,22�C,15 Km/h,N/A,0,N/A,0%,weather events not reported,,,07/07/22
199,2022/08/07,8/7/2022,8,7,2022,10�C,23�C,15 Km/h,N/A,0,N/A,0%,weather events not reported,,,08/07/22
200,2022/09/07,9/7/2022,9,7,2022,8�C,27�C,16 Km/h,N/A,0,1018.0mb,0%,weather events not reported,,,09/07/22
201,2022/10/07,10/7/2022,10,7,2022,14�C,21�C,28 Km/h,N/A,3,N/A,25%,Rain,,,10/07/22
202,2022/11/07,11/7/2022,11,7,2022,12�C,20�C,29 Km/h,N/A,0.5,1019.6mb,25%,weather events not reported,,,11/07/22
203,2022/12/07,12/7/2022,12,7,2022,8�C,19�C,15 Km/h,N/A,0,1026.9mb,0%,weather events not reported,,,12/07/22
204,7/13/2022,13/7/2022,13,7,2022,8�C,24�C,15 Km/h,N/A,0,N/A,0%,weather events not reported,,,7/13/22
205,7/14/2022,14/7/2022,14,7,2022,10�C,21�C,35 Km/h,50 Km/h,0,1022.1mb,0%,weather events not reported,,,7/14/22
206,7/15/2022,15/7/2022,15,7,2022,11�C,19�C,16 Km/h,N/A,0,1028.4mb,0%,weather events not reported,,,7/15/22
207,7/16/2022,16/7/2022,16,7,2022,9�C,23�C,16 Km/h,N/A,0,1024.6mb,0%,weather events not reported,,,7/16/22
208,7/17/2022,17/7/2022,17,7,2022,11�C,31�C,22 Km/h,N/A,0,N/A,0%,weather events not reported,,,7/17/22
209,7/18/2022,18/7/2022,18,7,2022,11�C,28�C,21 Km/h,N/A,0,1019.1mb,0%,weather events not reported,,,7/18/22
210,7/19/2022,19/7/2022,19,7,2022,16�C,28�C,29 Km/h,N/A,0,1017.3mb,0%,weather events not reported,,,7/19/22
211,7/20/2022,20/7/2022,20,7,2022,13�C,16�C,28 Km/h,N/A,6,1024.2mb,25%,Rain,,,7/20/22
212,7/21/2022,21/7/2022,21,7,2022,12�C,20�C,26 Km/h,N/A,4,N/A,25%,weather events not reported,,,7/21/22
213,7/22/2022,22/7/2022,22,7,2022,10�C,22�C,N/A,N/A,0,1020.8mb,0%,weather events not reported,,,7/22/22
214,7/23/2022,23/7/2022,23,7,2022,13�C,19�C,32 Km/h,N/A,3,1018.8mb,25%,Rain,,,7/23/22
215,7/24/2022,24/7/2022,24,7,2022,11�C,16�C,35 Km/h,N/A,0.5,N/A,25%,Rain,,,7/24/22
216,7/25/2022,25/7/2022,25,7,2022,10�C,18�C,15 Km/h,N/A,0,1028.7mb,0%,weather events not reported,,,7/25/22
217,7/26/2022,26/7/2022,26,7,2022,8�C,21�C,21 Km/h,N/A,0,1019.9mb,0%,weather events not reported,,,7/26/22
218,7/27/2022,27/7/2022,27,7,2022,11�C,21�C,35 Km/h,N/A,0.5,1019.9mb,25%,weather events not reported,,,7/27/22
219,7/28/2022,28/7/2022,28,7,2022,13�C,21�C,34 Km/h,50 Km/h,0,1019.0mb,0%,Thunderstorm,,,7/28/22
220,7/29/2022,29/7/2022,29,7,2022,14�C,25�C,34 Km/h,N/A,0,1012.8mb,0%,weather events not reported,,,7/29/22
221,7/30/2022,30/7/2022,30,7,2022,12�C,18�C,29 Km/h,N/A,0,1019.3mb,0%,weather events not reported,,,7/30/22
222,7/31/2022,31/7/2022,31,7,2022,11�C,18�C,42 Km/h,59 Km/h,0,1025.4mb,0%,weather events not reported,,,7/31/22
223,2022/01/08,1/8/2022,1,8,2022,8�C,17�C,N/A,N/A,0,1030.0mb,0%,weather events not reported,,,01/08/22
224,2022/02/08,2/8/2022,2,8,2022,8�C,21�C,13 Km/h,N/A,0,1022.4mb,0%,weather events not reported,,,02/08/22
225,2022/03/08,3/8/2022,3,8,2022,13�C,25�C,15 Km/h,N/A,0,N/A,0%,weather events not reported,,,03/08/22
226,2022/04/08,4/8/2022,4,8,2022,14�C,21�C,21 Km/h,N/A,0,N/A,0%,weather events not reported,,,04/08/22
227,2022/05/08,5/8/2022,5,8,2022,11�C,22�C,11 Km/h,N/A,0.5,1020.2mb,25%,weather events not reported,,,05/08/22
228,2022/06/08,6/8/2022,6,8,2022,13�C,20�C,22 Km/h,N/A,0,1022.2mb,0%,weather events not reported,,,06/08/22
229,2022/07/08,7/8/2022,7,8,2022,14�C,17�C,32 Km/h,48 Km/h,20,N/A,40%,Rain,,,07/08/22
230,2022/08/08,8/8/2022,8,8,2022,14�C,18�C,54 Km/h,85 Km/h,0,N/A,0%,Thunderstorm,,,08/08/22
232,2022/09/08,9/8/2022,9,8,2022,12�C,22�C,22 Km/h,N/A,20,N/A,40%,weather events not reported,,,09/08/22
233,2022/10/08,10/8/2022,10,8,2022,13�C,20�C,39 Km/h,N/A,0,N/A,0%,weather events not reported,,,10/08/22
234,2022/11/08,11/8/2022,11,8,2022,9�C,19�C,15 Km/h,N/A,0,N/A,0%,weather events not reported,,,11/08/22
235,2022/12/08,12/8/2022,12,8,2022,13�C,21�C,39 Km/h,55 Km/h,0,1012.5mb,0%,weather events not reported,,,12/08/22
236,8/13/2022,13/8/2022,13,8,2022,11�C,13�C,N/A,N/A,5,1014.7mb,25%,Rain,,,8/13/22
237,8/14/2022,14/8/2022,14,8,2022,10�C,19�C,48 Km/h,68 Km/h,0,N/A,0%,weather events not reported,,,8/14/22
238,8/15/2022,15/8/2022,15,8,2022,9�C,17�C,37 Km/h,52 Km/h,0,1022.5mb,0%,weather events not reported,,,8/15/22
239,8/16/2022,16/8/2022,16,8,2022,5�C,23�C,15 Km/h,N/A,0,N/A,0%,weather events not reported,,,8/16/22
240,8/17/2022,17/8/2022,17,8,2022,8�C,24�C,35 Km/h,N/A,0,1008.9mb,0%,weather events not reported,,,8/17/22
241,8/18/2022,18/8/2022,18,8,2022,10�C,22�C,35 Km/h,52 Km/h,0,1013.2mb,0%,weather events not reported,,,8/18/22
242,8/19/2022,19/8/2022,19,8,2022,12�C,19�C,34 Km/h,N/A,8.8,1018.7mb,25%,weather events not reported,,,8/19/22
243,8/20/2022,20/8/2022,20,8,2022,10�C,14�C,54 Km/h,79 Km/h,1,N/A,25%,Rain,,,8/20/22
244,8/21/2022,21/8/2022,21,8,2022,10�C,21�C,26 Km/h,N/A,0,1027.3mb,0%,weather events not reported,,,8/21/22
245,8/22/2022,22/8/2022,22,8,2022,10�C,19�C,21 Km/h,N/A,0,1025.8mb,0%,weather events not reported,,,8/22/22
246,8/23/2022,23/8/2022,23,8,2022,13�C,23�C,28 Km/h,46 Km/h,0,N/A,0%,weather events not reported,,,8/23/22
247,8/24/2022,24/8/2022,24,8,2022,12�C,34�C,26 Km/h,N/A,0,N/A,0%,weather events not reported,,,8/24/22
248,8/25/2022,25/8/2022,25,8,2022,15�C,33�C,46 Km/h,65 Km/h,0,N/A,0%,weather events not reported,,,8/25/22
249,8/26/2022,26/8/2022,26,8,2022,13�C,19�C,16 Km/h,N/A,0,1018.2mb,0%,weather events not reported,,,8/26/22
250,8/27/2022,27/8/2022,27,8,2022,12�C,21�C,37 Km/h,46 Km/h,0,1017.2mb,0%,weather events not reported,,,8/27/22
251,8/28/2022,28/8/2022,28,8,2022,9�C,21�C,28 Km/h,N/A,0,1017.1mb,0%,weather events not reported,,,8/28/22
252,8/29/2022,29/8/2022,29,8,2022,11�C,22�C,46 Km/h,66 Km/h,11.9,1022.7mb,40%,Rain,,,8/29/22
253,8/30/2022,30/8/2022,30,8,2022,9�C,16�C,37 Km/h,54 Km/h,0.2,N/A,25%,Rain,,,8/30/22
254,8/31/2022,31/8/2022,31,8,2022,8�C,18�C,21 Km/h,N/A,0,1032.4mb,0%,weather events not reported,,,8/31/22
255,2022/01/09,1/9/2022,1,9,2022,12�C,22�C,24 Km/h,41 Km/h,0,N/A,0%,weather events not reported,,,01/09/22
256,2022/02/09,2/9/2022,2,9,2022,15�C,23�C,29 Km/h,N/A,0,1013.1mb,0%,weather events not reported,,,02/09/22
257,2022/03/09,3/9/2022,3,9,2022,14�C,21�C,N/A,N/A,0,N/A,0%,weather events not reported,,,03/09/22
258,2022/04/09,4/9/2022,4,9,2022,15�C,24�C,N/A,N/A,0,1011.0mb,0%,weather events not reported,,,04/09/22
259,2022/05/09,5/9/2022,5,9,2022,13�C,23�C,37 Km/h,58 Km/h,0,1016.1mb,0%,weather events not reported,,,05/09/22
260,2022/06/09,6/9/2022,6,9,2022,11�C,21�C,35 Km/h,N/A,0,1027.3mb,0%,weather events not reported,,,06/09/22
261,2022/07/09,7/9/2022,7,9,2022,10�C,21�C,32 Km/h,N/A,0,1023.2mb,0%,weather events not reported,,,07/09/22
262,2022/08/09,8/9/2022,8,9,2022,10�C,21�C,15 Km/h,N/A,0,1017.7mb,0%,weather events not reported,,,08/09/22
263,2022/09/09,9/9/2022,9,9,2022,16�C,22�C,N/A,N/A,0,1019.4mb,0%,weather events not reported,,,09/09/22
264,2022/10/09,10/9/2022,10,9,2022,13�C,22�C,21 Km/h,N/A,0,N/A,0%,weather events not reported,,,10/09/22
265,2022/11/09,11/9/2022,11,9,2022,16�C,21�C,48 Km/h,68 Km/h,0,N/A,0%,weather events not reported,,,11/09/22
266,2022/12/09,12/9/2022,12,9,2022,12�C,19�C,32 Km/h,N/A,1,1026.1mb,25%,Rain,,,12/09/22
267,9/13/2022,13/9/2022,13,9,2022,11�C,20�C,28 Km/h,N/A,0,1028.2mb,0%,weather events not reported,,,9/13/22
268,9/14/2022,14/9/2022,14,9,2022,10�C,24�C,28 Km/h,N/A,0,N/A,0%,weather events not reported,,,9/14/22
269,9/15/2022,15/9/2022,15,9,2022,13�C,27�C,24 Km/h,N/A,0,N/A,0%,weather events not reported,,,9/15/22
270,9/16/2022,16/9/2022,16,9,2022,12�C,27�C,26 Km/h,N/A,0,N/A,0%,weather events not reported,,,9/16/22
271,9/17/2022,17/9/2022,17,9,2022,15�C,19�C,21 Km/h,N/A,0,N/A,0%,Thunderstorm,,,9/17/22
273,9/18/2022,18/9/2022,18,9,2022,14�C,18�C,26 Km/h,N/A,16,N/A,40%,Rain,,,9/18/22
274,9/19/2022,19/9/2022,19,9,2022,13�C,15�C,37 Km/h,61 Km/h,0,N/A,0%,Rain,,,9/19/22
275,9/20/2022,20/9/2022,20,9,2022,12�C,18�C,22 Km/h,N/A,23.1,1026.6mb,40%,Rain,,,9/20/22
276,9/21/2022,21/9/2022,21,9,2022,10�C,20�C,28 Km/h,41 Km/h,9.9,N/A,25%,weather events not reported,,,9/21/22
277,9/22/2022,22/9/2022,22,9,2022,10�C,26�C,N/A,N/A,0,N/A,0%,weather events not reported,,,9/22/22
278,9/23/2022,23/9/2022,23,9,2022,14�C,20�C,35 Km/h,45 Km/h,0,1019.1mb,0%,weather events not reported,,,9/23/22
279,9/24/2022,24/9/2022,24,9,2022,14�C,24�C,28 Km/h,N/A,0.5,1016.6mb,25%,weather events not reported,,,9/24/22
280,9/25/2022,25/9/2022,25,9,2022,17�C,33�C,45 Km/h,54 Km/h,0,1009.2mb,0%,weather events not reported,,,9/25/22
281,9/26/2022,26/9/2022,26,9,2022,15�C,18�C,16 Km/h,N/A,2,1014.5mb,25%,Rain,,,9/26/22
282,9/27/2022,27/9/2022,27,9,2022,16�C,19�C,34 Km/h,50 Km/h,37,N/A,80%,Rain,,,9/27/22
283,9/28/2022,28/9/2022,28,9,2022,17�C,25�C,26 Km/h,N/A,0,1018.6mb,0%,Rain,,,9/28/22
284,9/29/2022,29/9/2022,29,9,2022,16�C,20�C,24 Km/h,N/A,14.9,1019.2mb,40%,Thunderstorm,,,9/29/22
286,9/30/2022,30/9/2022,30,9,2022,15�C,30�C,22 Km/h,N/A,30.9,1012.3mb,80%,weather events not reported,,,9/30/22
287,2022/01/10,1/10/2022,1,10,2022,15�C,22�C,29 Km/h,N/A,0,1020.7mb,0%,weather events not reported,,,01/10/22
288,2022/02/10,2/10/2022,2,10,2022,14�C,24�C,29 Km/h,N/A,0,1017.1mb,0%,weather events not reported,,,02/10/22
289,2022/03/10,3/10/2022,3,10,2022,16�C,23�C,39 Km/h,N/A,0,1013.7mb,0%,weather events not reported,,,03/10/22
290,2022/04/10,4/10/2022,4,10,2022,15�C,21�C,29 Km/h,N/A,0,1019.2mb,0%,weather events not reported,,,04/10/22
291,2022/05/10,5/10/2022,5,10,2022,15�C,25�C,21 Km/h,N/A,0,N/A,0%,weather events not reported,,,05/10/22
292,2022/06/10,6/10/2022,6,10,2022,15�C,21�C,29 Km/h,N/A,0,N/A,0%,weather events not reported,,,06/10/22
293,2022/07/10,7/10/2022,7,10,2022,15�C,22�C,29 Km/h,N/A,0,1024.8mb,0%,weather events not reported,,,07/10/22
294,2022/08/10,8/10/2022,8,10,2022,13�C,26�C,24 Km/h,N/A,0,1018.1mb,0%,weather events not reported,,,08/10/22
295,2022/09/10,9/10/2022,9,10,2022,15�C,23�C,29 Km/h,N/A,0,1020.8mb,0%,weather events not reported,,,09/10/22
296,2022/10/10,10/10/2022,10,10,2022,15�C,23�C,41 Km/h,59 Km/h,0,N/A,0%,weather events not reported,,,10/10/22
330,2022/10/11,10/10/2022,10,10,2022,15�C,19�C,24 Km/h,N/A,1,N/A,25%,Rain,,,11/10/22
364,2022/10/12,10/10/2022,10,10,2022,19�C,26�C,32 Km/h,N/A,0,1014.0mb,0%,weather events not reported,,,12/10/22
297,2022/11/10,11/10/2022,11,10,2022,18�C,40�C,39 Km/h,48 Km/h,0.5,1013.0mb,25%,Thunderstorm,,,10/13/22
299,2022/12/10,12/10/2022,12,10,2022,17�C,24�C,21 Km/h,N/A,0,1016.9mb,0%,weather events not reported,,,10/14/22
300,10/13/2022,13/10/2022,13,10,2022,18�C,32�C,46 Km/h,65 Km/h,0,N/A,0%,weather events not reported,,,10/15/22
301,10/14/2022,14/10/2022,14,10,2022,17�C,20�C,26 Km/h,N/A,1,N/A,25%,Rain,,,10/16/22
302,10/15/2022,15/10/2022,15,10,2022,16�C,18�C,24 Km/h,N/A,22,1021.2mb,40%,Rain,,,10/17/22
303,10/16/2022,16/10/2022,16,10,2022,16�C,21�C,28 Km/h,48 Km/h,0.7,1018.1mb,25%,Rain,,,10/18/22
304,10/17/2022,17/10/2022,17,10,2022,17�C,27�C,21 Km/h,N/A,0,N/A,0%,weather events not reported,,,10/19/22
305,10/18/2022,18/10/2022,18,10,2022,15�C,23�C,16 Km/h,N/A,0,N/A,0%,weather events not reported,,,10/20/22
306,10/19/2022,19/10/2022,19,10,2022,20�C,28�C,21 Km/h,N/A,0,N/A,0%,weather events not reported,,,10/21/22
307,10/20/2022,20/10/2022,20,10,2022,18�C,25�C,46 Km/h,66 Km/h,N/A,N/A,80%,Rain,,,10/22/22
308,10/21/2022,21/10/2022,21,10,2022,16�C,24�C,35 Km/h,54 Km/h,0.7,N/A,25%,Thunderstorm,,,10/23/22
309,10/22/2022,22/10/2022,22,10,2022,17�C,22�C,26 Km/h,N/A,7.8,1023.7mb,25%,Rain,,,10/24/22
310,10/23/2022,23/10/2022,23,10,2022,16�C,24�C,32 Km/h,50 Km/h,0.2,N/A,25%,weather events not reported,,,10/25/22
311,10/24/2022,24/10/2022,24,10,2022,16�C,25�C,29 Km/h,41 Km/h,0.5,1015.2mb,25%,weather events not reported,,,10/26/22
312,10/25/2022,25/10/2022,25,10,2022,18�C,23�C,35 Km/h,55 Km/h,0.2,N/A,25%,Thunderstorm,,,10/27/22
314,10/26/2022,26/10/2022,26,10,2022,14�C,21�C,26 Km/h,N/A,0,1019.3mb,0%,weather events not reported,,,10/28/22
315,10/27/2022,27/10/2022,27,10,2022,15�C,27�C,42 Km/h,54 Km/h,0,1014.0mb,0%,weather events not reported,,,10/29/22
316,10/28/2022,28/10/2022,28,10,2022,16�C,18�C,26 Km/h,N/A,5,N/A,25%,Rain,,,10/30/22
317,10/29/2022,29/10/2022,29,10,2022,16�C,24�C,28 Km/h,39 Km/h,1,N/A,25%,weather events not reported,,,10/31/22
318,10/30/2022,30/10/2022,30,10,2022,15�C,23�C,50 Km/h,72 Km/h,0.2,N/A,25%,Rain,,,01/11/22
319,10/31/2022,31/10/2022,31,10,2022,13�C,18�C,26 Km/h,N/A,5,N/A,25%,Rain,,,02/11/22
320,2022/01/11,1/11/2022,1,11,2022,13�C,20�C,32 Km/h,46 Km/h,0,1026.6mb,0%,Rain,,,03/11/22
321,2022/02/11,2/11/2022,2,11,2022,13�C,22�C,37 Km/h,59 Km/h,0,1018.8mb,0%,weather events not reported,,,04/11/22
322,2022/03/11,3/11/2022,3,11,2022,17�C,24�C,34 Km/h,48 Km/h,2,1014.0mb,25%,Rain,,,05/11/22
323,2022/04/11,4/11/2022,4,11,2022,17�C,25�C,26 Km/h,N/A,0,1012.1mb,0%,weather events not reported,,,06/11/22
324,2022/05/11,5/11/2022,5,11,2022,19�C,24�C,32 Km/h,N/A,0,1013.6mb,0%,Rain,,,07/11/22
325,2022/06/11,6/11/2022,6,11,2022,14�C,25�C,34 Km/h,N/A,0,1018.5mb,0%,weather events not reported,,,08/11/22
326,2022/07/11,7/11/2022,7,11,2022,18�C,25�C,32 Km/h,39 Km/h,0,1014.2mb,0%,Rain,,,09/11/22
327,2022/08/11,8/11/2022,8,11,2022,17�C,21�C,22 Km/h,N/A,1,N/A,25%,Rain,,,10/11/22
328,2022/09/11,9/11/2022,9,11,2022,17�C,21�C,42 Km/h,61 Km/h,0.2,1013.6mb,25%,Fog,,,11/11/22
331,2022/11/11,11/11/2022,11,11,2022,15�C,25�C,34 Km/h,54 Km/h,0,1015.0mb,0%,Thunderstorm,,,12/11/22
335,11/13/2022,13/11/2022,13,11,2022,16�C,23�C,50 Km/h,68 Km/h,0,N/A,0%,weather events not reported,,,11/13/22
336,11/14/2022,14/11/2022,14,11,2022,14�C,23�C,35 Km/h,50 Km/h,0,1022.7mb,0%,weather events not reported,,,11/14/22
337,11/15/2022,15/11/2022,15,11,2022,17�C,31�C,34 Km/h,55 Km/h,0,1011.7mb,0%,Thunderstorm,,,11/15/22
338,11/16/2022,16/11/2022,16,11,2022,16�C,23�C,29 Km/h,N/A,0,1014.8mb,0%,weather events not reported,,,11/16/22
339,11/17/2022,17/11/2022,17,11,2022,16�C,22�C,26 Km/h,N/A,0.2,N/A,25%,Rain,,,11/17/22
340,11/18/2022,18/11/2022,18,11,2022,17�C,24�C,28 Km/h,N/A,14.9,1013.1mb,40%,weather events not reported,,,11/18/22
341,11/19/2022,19/11/2022,19,11,2022,15�C,20�C,34 Km/h,N/A,4,1017.2mb,25%,Rain,,,11/19/22
342,11/20/2022,20/11/2022,20,11,2022,13�C,23�C,24 Km/h,N/A,2,N/A,25%,weather events not reported,,,11/20/22
343,11/21/2022,21/11/2022,21,11,2022,14�C,28�C,24 Km/h,N/A,0,1011.3mb,0%,weather events not reported,,,11/21/22
344,11/22/2022,22/11/2022,22,11,2022,19�C,23�C,22 Km/h,N/A,0.7,1014.5mb,25%,Rain,,,11/22/22
345,11/23/2022,23/11/2022,23,11,2022,19�C,31�C,24 Km/h,N/A,0,1007.8mb,0%,weather events not reported,,,11/23/22
346,11/24/2022,24/11/2022,24,11,2022,19�C,24�C,41 Km/h,58 Km/h,0,1013.4mb,0%,weather events not reported,,,11/24/22
347,11/25/2022,25/11/2022,25,11,2022,17�C,19�C,29 Km/h,N/A,0,1020.4mb,0%,weather events not reported,,,11/25/22
348,11/26/2022,26/11/2022,26,11,2022,15�C,19�C,16 Km/h,N/A,2,N/A,25%,Rain,,,11/26/22
349,11/27/2022,27/11/2022,27,11,2022,16�C,21�C,16 Km/h,N/A,206.7,N/A,80%,Rain,,,11/27/22
350,11/28/2022,28/11/2022,28,11,2022,16�C,25�C,35 Km/h,55 Km/h,0,1017.6mb,0%,weather events not reported,,,11/28/22
351,11/29/2022,29/11/2022,29,11,2022,17�C,27�C,34 Km/h,54 Km/h,0,N/A,0%,weather events not reported,,,11/29/22
352,11/30/2022,30/11/2022,30,11,2022,18�C,30�C,37 Km/h,65 Km/h,5,1010.0mb,25%,Thunderstorm,,,11/30/22
354,2022/01/12,1/12/2022,1,12,2022,17�C,25�C,21 Km/h,N/A,0,1010.0mb,0%,weather events not reported,,,01/12/22
355,2022/02/12,2/12/2022,2,12,2022,18�C,24�C,52 Km/h,72 Km/h,0.5,1006.7mb,25%,weather events not reported,,,02/12/22
356,2022/03/12,3/12/2022,3,12,2022,14�C,24�C,41 Km/h,55 Km/h,0,N/A,0%,weather events not reported,,,03/12/22
357,2022/04/12,4/12/2022,4,12,2022,16�C,19�C,22 Km/h,N/A,4,N/A,25%,Rain,,,04/12/22
358,2022/05/12,5/12/2022,5,12,2022,15�C,20�C,41 Km/h,55 Km/h,36,N/A,80%,Fog,,,05/12/22
360,2022/06/12,6/12/2022,6,12,2022,15�C,22�C,N/A,N/A,0,N/A,0%,weather events not reported,,,06/12/22
361,2022/07/12,7/12/2022,7,12,2022,16�C,27�C,29 Km/h,N/A,0,1011.8mb,0%,weather events not reported,,,07/12/22
362,2022/08/12,8/12/2022,8,12,2022,19�C,27�C,22 Km/h,N/A,0,1017.4mb,0%,weather events not reported,,,08/12/22
363,2022/09/12,9/12/2022,9,12,2022,23�C,30�C,32 Km/h,50 Km/h,0,N/A,0%,weather events not reported,,,09/12/22
365,2022/11/12,11/12/2022,11,12,2022,21�C,26�C,24 Km/h,39 Km/h,0.5,N/A,25%,Rain,,,10/12/22
333,2022/12/11,12/12/2022,12,12,2022,19�C,31�C,N/A,N/A,14.9,N/A,40%,Thunderstorm,,,11/12/22
366,2022/12/12,12/12/2022,12,12,2022,20�C,25�C,32 Km/h,59 Km/h,0.7,N/A,25%,Rain,,,12/12/22
367,12/13/2022,13/12/2022,13,12,2022,20�C,27�C,34 Km/h,59 Km/h,0.2,N/A,25%,Thunderstorm,,,12/13/22
369,12/14/2022,14/12/2022,14,12,2022,18�C,24�C,32 Km/h,N/A,10.9,N/A,40%,weather events not reported,,,12/14/22
370,12/15/2022,15/12/2022,15,12,2022,18�C,26�C,24 Km/h,N/A,0,1012.0mb,0%,weather events not reported,,,12/15/22
371,12/16/2022,16/12/2022,16,12,2022,17�C,29�C,28 Km/h,N/A,0.5,N/A,25%,Thunderstorm,,,12/16/22
373,12/17/2022,17/12/2022,17,12,2022,20�C,26�C,26 Km/h,N/A,28.9,N/A,80%,Thunderstorm,,,12/17/22
375,12/18/2022,18/12/2022,18,12,2022,19�C,24�C,16 Km/h,N/A,0.5,1012.1mb,25%,Rain,,,12/18/22
376,12/19/2022,19/12/2022,19,12,2022,16�C,25�C,16 Km/h,N/A,0,1009.3mb,0%,weather events not reported,,,12/19/22
377,12/20/2022,20/12/2022,20,12,2022,17�C,24�C,42 Km/h,59 Km/h,0.5,N/A,25%,Rain,,,12/20/22
378,12/21/2022,21/12/2022,21,12,2022,15�C,23�C,26 Km/h,N/A,4,1020.9mb,25%,Rain,,,12/21/22
379,12/22/2022,22/12/2022,22,12,2022,17�C,28�C,28 Km/h,48 Km/h,0,1011.6mb,0%,weather events not reported,,,12/22/22
380,12/23/2022,23/12/2022,23,12,2022,18�C,26�C,34 Km/h,N/A,0.2,N/A,25%,Rain,,,12/23/22
381,12/24/2022,24/12/2022,24,12,2022,18�C,23�C,34 Km/h,N/A,0.5,N/A,25%,Thunderstorm,,,12/24/22
383,12/25/2022,25/12/2022,25,12,2022,16�C,21�C,28 Km/h,N/A,10.9,1016.8mb,40%,Rain,,,12/25/22
384,12/26/2022,26/12/2022,26,12,2022,16�C,22�C,22 Km/h,N/A,1,1019.9mb,25%,weather events not reported,,,12/26/22
385,12/27/2022,27/12/2022,27,12,2022,16�C,28�C,28 Km/h,N/A,0,1015.2mb,0%,weather events not reported,,,12/27/22
386,12/28/2022,28/12/2022,28,12,2022,18�C,25�C,29 Km/h,N/A,0,N/A,0%,weather events not reported,,,12/28/22
387,12/29/2022,29/12/2022,29,12,2022,17�C,21�C,41 Km/h,59 Km/h,2,1018.7mb,25%,Rain,,,12/29/22
388,2023/01/01,1/1/2023,1,1,2023,17�C,26�C,35 Km/h,50 Km/h,0,N/A,0%,weather events not reported,,,01/01/23
389,2023/02/01,2/1/2023,2,1,2023,19�C,26�C,39 Km/h,61 Km/h,0,1013.9mb,0%,weather events not reported,,,02/01/23
390,2023/03/01,3/1/2023,3,1,2023,20�C,31�C,N/A,N/A,0,1008.8mb,0%,weather events not reported,,,03/01/23
391,2023/04/01,4/1/2023,4,1,2023,20�C,26�C,34 Km/h,52 Km/h,0,1010.0mb,0%,weather events not reported,,,04/01/23
392,2023/05/01,5/1/2023,5,1,2023,16�C,19�C,N/A,N/A,33,N/A,80%,Rain,,,05/01/23
393,2023/06/01,6/1/2023,6,1,2023,15�C,22�C,24 Km/h,N/A,0.5,1023.2mb,25%,weather events not reported,,,06/01/23
394,2023/07/01,7/1/2023,7,1,2023,14�C,24�C,21 Km/h,N/A,0,N/A,0%,weather events not reported,,,07/01/23
395,2023/08/01,8/1/2023,8,1,2023,16�C,26�C,34 Km/h,50 Km/h,0,1015.5mb,0%,weather events not reported,,,08/01/23
396,2023/09/01,9/1/2023,9,1,2023,19�C,29�C,29 Km/h,48 Km/h,0,N/A,0%,weather events not reported,,,09/01/23
397,2023/10/01,10/1/2023,10,1,2023,20�C,29�C,28 Km/h,N/A,0,N/A,0%,weather events not reported,,,10/01/23
398,2023/11/01,11/1/2023,11,1,2023,21�C,28�C,16 Km/h,N/A,0,1015.7mb,0%,weather events not reported,,,11/01/23
399,2023/12/01,12/1/2023,12,1,2023,22�C,30�C,28 Km/h,46 Km/h,0.2,1013.2mb,25%,Rain,,,12/01/23
400,1/13/2023,13/1/2023,13,1,2023,20�C,25�C,28 Km/h,N/A,2,1013.4mb,25%,weather events not reported,,,1/13/2023
401,1/14/2023,14/1/2023,14,1,2023,19�C,25�C,13 Km/h,N/A,0.5,1016.5mb,25%,Rain,,,1/14/2023
402,1/15/2023,15/1/2023,15,1,2023,19�C,25�C,15 Km/h,N/A,0,1018.3mb,0%,Rain,,,1/15/2023
403,1/16/2023,16/1/2023,16,1,2023,20�C,27�C,32 Km/h,N/A,1,N/A,25%,Rain,,,1/16/2023
404,1/17/2023,17/1/2023,17,1,2023,23�C,31�C,24 Km/h,N/A,0.2,1012.2mb,25%,weather events not reported,,,1/17/2023
405,1/18/2023,18/1/2023,18,1,2023,23�C,32�C,22 Km/h,N/A,0,1009.8mb,0%,Thunderstorm,,,1/18/2023
407,1/19/2023,19/1/2023,19,1,2023,22�C,31�C,24 Km/h,N/A,0.7,1010.1mb,25%,weather events not reported,,,1/19/2023
408,1/20/2023,20/1/2023,20,1,2023,21�C,26�C,N/A,N/A,0,1012.5mb,0%,Rain,,,1/20/2023
409,1/21/2023,21/1/2023,21,1,2023,23�C,30�C,32 Km/h,N/A,0,N/A,0%,weather events not reported,,,1/21/2023
410,1/22/2023,22/1/2023,22,1,2023,22�C,30�C,34 Km/h,N/A,0.5,1010.4mb,25%,weather events not reported,,,1/22/2023
411,1/23/2023,23/1/2023,23,1,2023,20�C,30�C,29 Km/h,N/A,1,1008.3mb,25%,weather events not reported,,,1/23/2023
412,1/24/2023,24/1/2023,24,1,2023,18�C,28�C,39 Km/h,58 Km/h,3,1009.0mb,25%,Rain,,,1/24/2023
413,1/25/2023,25/1/2023,25,1,2023,17�C,23�C,21 Km/h,N/A,1,1020.9mb,25%,weather events not reported,,,1/25/2023
414,1/26/2023,26/1/2023,26,1,2023,19�C,29�C,26 Km/h,N/A,0,N/A,0%,weather events not reported,,,1/26/2023
415,1/27/2023,27/1/2023,27,1,2023,22�C,29�C,24 Km/h,N/A,0,N/A,0%,weather events not reported,,,1/27/2023
416,1/28/2023,28/1/2023,28,1,2023,20�C,27�C,45 Km/h,63 Km/h,3,1008.7mb,25%,Rain,,,1/28/2023
417,1/29/2023,29/1/2023,29,1,2023,16�C,22�C,22 Km/h,N/A,16,1019.7mb,40%,Rain,,,1/29/2023
418,1/30/2023,30/1/2023,30,1,2023,16�C,24�C,28 Km/h,N/A,0.2,1018.9mb,25%,Rain,,,1/30/2023
419,1/31/2023,31/1/2023,31,1,2023,18�C,26�C,35 Km/h,58 Km/h,7.8,1015.5mb,25%,Rain,,,1/31/2023
420,2023/01/02,1/2/2023,1,2,2023,20�C,32�C,46 Km/h,N/A,0,N/A,0%,weather events not reported,,,01/02/23
421,2023/02/02,2/2/2023,2,2,2023,19�C,26�C,21 Km/h,N/A,0,1015.9mb,0%,weather events not reported,,,02/02/23
422,2023/03/02,3/2/2023,3,2,2023,20�C,26�C,21 Km/h,N/A,0.2,1017.3mb,25%,Rain,,,03/02/23
423,2023/04/02,4/2/2023,4,2,2023,20�C,28�C,37 Km/h,55 Km/h,0,1014.7mb,0%,weather events not reported,,,04/02/23
424,2023/05/02,5/2/2023,5,2,2023,22�C,31�C,26 Km/h,N/A,0,1010.0mb,0%,weather events not reported,,,05/02/23
425,2023/06/02,6/2/2023,6,2,2023,22�C,29�C,28 Km/h,45 Km/h,0,N/A,0%,weather events not reported,,,06/02/23
426,2023/07/02,7/2/2023,7,2,2023,21�C,26�C,35 Km/h,52 Km/h,0.2,N/A,25%,Rain,,,07/02/23
427,2023/08/02,8/2/2023,8,2,2023,19�C,22�C,29 Km/h,N/A,5,N/A,25%,Rain,,,08/02/23
428,2023/09/02,9/2/2023,9,2,2023,19�C,21�C,15 Km/h,N/A,0,N/A,0%,Rain,,,09/02/23
429,2023/10/02,10/2/2023,10,2,2023,19�C,25�C,N/A,N/A,21,N/A,40%,Rain,,,10/02/23
430,2023/11/02,11/2/2023,11,2,2023,20�C,27�C,21 Km/h,N/A,2,N/A,25%,weather events not reported,,,11/02/23
431,2023/12/02,12/2/2023,12,2,2023,21�C,31�C,37 Km/h,N/A,0,N/A,0%,weather events not reported,,,12/02/23
432,2/13/2023,13/2/2023,13,2,2023,21�C,28�C,22 Km/h,N/A,0,1014.1mb,0%,weather events not reported,,,2/13/2023
433,2/14/2023,14/2/2023,14,2,2023,21�C,31�C,22 Km/h,N/A,0.5,N/A,25%,Rain,,,2/14/2023
434,2/15/2023,15/2/2023,15,2,2023,21�C,29�C,16 Km/h,N/A,7.8,1009.3mb,25%,Rain,,,2/15/2023
435,2/16/2023,16/2/2023,16,2,2023,21�C,25�C,21 Km/h,N/A,20,N/A,40%,Rain,,,2/16/2023
436,2/17/2023,17/2/2023,17,2,2023,18�C,26�C,24 Km/h,N/A,8.8,N/A,25%,Rain,,,2/17/2023
437,2/18/2023,18/2/2023,18,2,2023,18�C,26�C,N/A,N/A,19,1012.2mb,40%,weather events not reported,,,2/18/2023
438,2/19/2023,19/2/2023,19,2,2023,18�C,28�C,24 Km/h,N/A,0,N/A,0%,weather events not reported,,,2/19/2023
439,2/20/2023,20/2/2023,20,2,2023,19�C,27�C,52 Km/h,76 Km/h,0.2,998.1mb,25%,weather events not reported,,,2/20/2023
440,2/21/2023,21/2/2023,21,2,2023,14�C,25�C,41 Km/h,65 Km/h,0.2,1015.8mb,25%,weather events not reported,,,2/21/2023
441,2/22/2023,22/2/2023,22,2,2023,14�C,26�C,29 Km/h,N/A,0,N/A,0%,weather events not reported,,,2/22/2023
442,2/23/2023,23/2/2023,23,2,2023,19�C,30�C,24 Km/h,N/A,0,N/A,0%,weather events not reported,,,2/23/2023
443,2/24/2023,24/2/2023,24,2,2023,20�C,29�C,37 Km/h,N/A,0.5,N/A,25%,weather events not reported,,,2/24/2023
444,2/25/2023,25/2/2023,25,2,2023,20�C,25�C,35 Km/h,N/A,0,1016.2mb,0%,weather events not reported,,,2/25/2023
445,2/26/2023,26/2/2023,26,2,2023,16�C,24�C,24 Km/h,N/A,0.2,N/A,25%,weather events not reported,,,2/26/2023
446,2/27/2023,27/2/2023,27,2,2023,17�C,27�C,N/A,N/A,0.5,N/A,25%,Rain,,,2/27/2023
447,2/28/2023,28/2/2023,28,2,2023,21�C,27�C,16 Km/h,N/A,3,1014.8mb,25%,Rain,,,2/28/2023
448,2023/01/03,1/3/2023,1,3,2023,21�C,26�C,32 Km/h,N/A,0,N/A,0%,weather events not reported,,,01/03/23
449,2023/02/03,2/3/2023,2,3,2023,18�C,27�C,34 Km/h,46 Km/h,0,N/A,0%,weather events not reported,,,02/03/23
450,2023/03/03,3/3/2023,3,3,2023,20�C,29�C,29 Km/h,54 Km/h,0,N/A,0%,weather events not reported,,,03/03/23
451,2023/04/03,4/3/2023,4,3,2023,21�C,26�C,32 Km/h,N/A,0,N/A,0%,weather events not reported,,,04/03/23
452,2023/05/03,5/3/2023,5,3,2023,19�C,30�C,37 Km/h,45 Km/h,19,1008.0mb,40%,Thunderstorm,,,05/03/23
454,2023/06/03,6/3/2023,6,3,2023,17�C,28�C,39 Km/h,55 Km/h,0,1013.8mb,0%,weather events not reported,,,06/03/23
455,2023/07/03,7/3/2023,7,3,2023,18�C,25�C,N/A,N/A,0,1016.5mb,0%,Rain,,,07/03/23
456,2023/08/03,8/3/2023,8,3,2023,20�C,29�C,29 Km/h,N/A,5,N/A,25%,Thunderstorm,,,08/03/23
457,2023/09/03,9/3/2023,9,3,2023,17�C,27�C,13 Km/h,N/A,0,N/A,0%,weather events not reported,,,09/03/23
458,2023/10/03,10/3/2023,10,3,2023,19�C,28�C,29 Km/h,48 Km/h,0,N/A,0%,weather events not reported,,,10/03/23
459,2023/11/03,11/3/2023,11,3,2023,19�C,24�C,41 Km/h,59 Km/h,0,N/A,0%,weather events not reported,,,11/03/23
460,2023/12/03,12/3/2023,12,3,2023,17�C,23�C,22 Km/h,N/A,0.5,N/A,25%,Rain,,,12/03/23
461,3/13/2023,13/3/2023,13,3,2023,19�C,28�C,26 Km/h,N/A,0,1015.8mb,0%,weather events not reported,,,3/13/2023
462,3/14/2023,14/3/2023,14,3,2023,20�C,27�C,21 Km/h,N/A,0,N/A,0%,weather events not reported,,,3/14/2023
463,3/15/2023,15/3/2023,15,3,2023,22�C,23�C,21 Km/h,N/A,0,N/A,0%,weather events not reported,,,3/15/2023
464,3/16/2023,16/3/2023,16,3,2023,20�C,23�C,29 Km/h,39 Km/h,7.8,N/A,25%,Rain,,,3/16/2023
465,3/17/2023,17/3/2023,17,3,2023,20�C,28�C,24 Km/h,N/A,0,N/A,0%,weather events not reported,,,3/17/2023
466,3/18/2023,18/3/2023,18,3,2023,18�C,24�C,28 Km/h,N/A,0.5,1009.8mb,25%,weather events not reported,,,3/18/2023
467,3/19/2023,19/3/2023,19,3,2023,18�C,26�C,26 Km/h,N/A,0,1013.4mb,0%,weather events not reported,,,3/19/2023
468,3/20/2023,20/3/2023,20,3,2023,20�C,35�C,22 Km/h,N/A,0,N/A,0%,weather events not reported,,,3/20/2023
469,3/21/2023,21/3/2023,21,3,2023,18�C,27�C,34 Km/h,N/A,0,1013.2mb,0%,weather events not reported,,,3/21/2023
470,3/22/2023,22/3/2023,22,3,2023,14�C,26�C,N/A,N/A,0,N/A,0%,Rain,,,3/22/2023
471,3/23/2023,23/3/2023,23,3,2023,20�C,23�C,34 Km/h,46 Km/h,0,N/A,0%,Thunderstorm,,,3/23/2023
473,3/24/2023,24/3/2023,24,3,2023,21�C,24�C,35 Km/h,N/A,48,1018.4mb,80%,Rain,,,3/24/2023
474,3/25/2023,25/3/2023,25,3,2023,20�C,29�C,29 Km/h,N/A,0,N/A,0%,weather events not reported,,,3/25/2023
475,3/26/2023,26/3/2023,26,3,2023,17�C,24�C,46 Km/h,63 Km/h,0,N/A,0%,weather events not reported,,,3/26/2023
476,3/27/2023,27/3/2023,27,3,2023,14�C,21�C,N/A,N/A,0,1024.8mb,0%,weather events not reported,,,3/27/2023
477,3/28/2023,28/3/2023,28,3,2023,14�C,27�C,22 Km/h,41 Km/h,0,1012.4mb,0%,weather events not reported,,,3/28/2023
478,3/29/2023,29/3/2023,29,3,2023,17�C,24�C,45 Km/h,58 Km/h,0.2,N/A,25%,weather events not reported,,,3/29/2023
479,3/30/2023,30/3/2023,30,3,2023,13�C,23�C,28 Km/h,N/A,0,N/A,0%,weather events not reported,,,3/30/2023
480,3/31/2023,31/3/2023,31,3,2023,15�C,23�C,15 Km/h,N/A,0,1018.7mb,0%,weather events not reported,,,3/31/2023
481,2023/01/04,1/4/2023,1,4,2023,12�C,25�C,22 Km/h,N/A,0,N/A,0%,weather events not reported,,,01/04/23
482,2023/02/04,2/4/2023,2,4,2023,19�C,27�C,26 Km/h,N/A,0,1013.4mb,0%,weather events not reported,,,02/04/23
483,2023/03/04,3/4/2023,3,4,2023,18�C,24�C,39 Km/h,52 Km/h,1,1011.3mb,25%,Rain,,,03/04/23
484,2023/04/04,4/4/2023,4,4,2023,15�C,24�C,32 Km/h,N/A,0.2,N/A,25%,Rain,,,04/04/23
485,2023/05/04,5/4/2023,5,4,2023,16�C,25�C,28 Km/h,N/A,0,1020.0mb,0%,weather events not reported,,,05/04/23
486,2023/06/04,6/4/2023,6,4,2023,16�C,28�C,24 Km/h,N/A,0,1013.6mb,0%,weather events not reported,,,06/04/23
487,2023/07/04,7/4/2023,7,4,2023,18�C,29�C,52 Km/h,63 Km/h,0,N/A,0%,weather events not reported,,,07/04/23
488,2023/08/04,8/4/2023,8,4,2023,18�C,24�C,N/A,N/A,3,N/A,25%,Rain,,,08/04/23
489,2023/09/04,9/4/2023,9,4,2023,15�C,21�C,32 Km/h,N/A,7.8,N/A,25%,Rain,,,09/04/23
490,2023/10/04,10/4/2023,10,4,2023,15�C,25�C,39 Km/h,58 Km/h,5,N/A,25%,weather events not reported,,,10/04/23
491,2023/11/04,11/4/2023,11,4,2023,13�C,22�C,41 Km/h,58 Km/h,0,N/A,0%,weather events not reported,,,11/04/23
492,2023/12/04,12/4/2023,12,4,2023,12�C,22�C,21 Km/h,N/A,0,N/A,0%,weather events not reported,,,12/04/23
493,4/13/2023,13/4/2023,13,4,2023,14�C,22�C,21 Km/h,N/A,0,1012.3mb,0%,weather events not reported,,,4/13/2023
494,4/14/2023,14/4/2023,14,4,2023,15�C,21�C,50 Km/h,72 Km/h,0,N/A,0%,weather events not reported,,,4/14/2023
495,4/15/2023,15/4/2023,15,4,2023,14�C,24�C,28 Km/h,N/A,0,1025.1mb,0%,weather events not reported,,,4/15/2023
496,4/16/2023,16/4/2023,16,4,2023,11�C,25�C,N/A,N/A,0,1020.6mb,0%,weather events not reported,,,4/16/2023
497,4/17/2023,17/4/2023,17,4,2023,11�C,29�C,13 Km/h,N/A,0,N/A,0%,weather events not reported,,,4/17/2023
498,4/18/2023,18/4/2023,18,4,2023,16�C,25�C,22 Km/h,N/A,0,1015.1mb,0%,weather events not reported,,,4/18/2023
499,4/19/2023,19/4/2023,19,4,2023,15�C,31�C,13 Km/h,N/A,0,N/A,0%,weather events not reported,,,4/19/2023
500,4/20/2023,20/4/2023,20,4,2023,18�C,35�C,41 Km/h,58 Km/h,0.7,N/A,25%,Rain,,,4/20/2023
501,4/21/2023,21/4/2023,21,4,2023,13�C,22�C,29 Km/h,46 Km/h,0.7,N/A,25%,Rain,,,4/21/2023
502,4/22/2023,22/4/2023,22,4,2023,13�C,23�C,24 Km/h,N/A,0,1012.0mb,0%,weather events not reported,,,4/22/2023
503,4/23/2023,23/4/2023,23,4,2023,14�C,27�C,13 Km/h,N/A,0,1012.7mb,0%,weather events not reported,,,4/23/2023
504,4/24/2023,24/4/2023,24,4,2023,17�C,30�C,21 Km/h,N/A,0,1012.4mb,0%,weather events not reported,,,4/24/2023
505,4/25/2023,25/4/2023,25,4,2023,18�C,24�C,N/A,N/A,0,N/A,0%,weather events not reported,,,4/25/2023
506,4/26/2023,26/4/2023,26,4,2023,20�C,25�C,21 Km/h,N/A,3,N/A,25%,weather events not reported,,,4/26/2023
507,4/27/2023,27/4/2023,27,4,2023,17�C,28�C,39 Km/h,59 Km/h,0,N/A,0%,weather events not reported,,,4/27/2023
508,4/28/2023,28/4/2023,28,4,2023,16�C,24�C,24 Km/h,N/A,0,1017.1mb,0%,weather events not reported,,,4/28/2023
509,4/29/2023,29/4/2023,29,4,2023,17�C,24�C,34 Km/h,N/A,0,N/A,0%,weather events not reported,,,4/29/2023
510,4/30/2023,30/4/2023,30,4,2023,14�C,18�C,22 Km/h,N/A,0,N/A,0%,Rain,,,4/30/2023
511,2023/01/05,1/5/2023,1,5,2023,12�C,23�C,16 Km/h,N/A,0,N/A,0%,weather events not reported,,,01/05/23
512,2023/02/05,2/5/2023,2,5,2023,13�C,24�C,16 Km/h,N/A,0,N/A,0%,weather events not reported,,,02/05/23
513,2023/03/05,3/5/2023,3,5,2023,14�C,24�C,15 Km/h,N/A,0,N/A,0%,weather events not reported,,,03/05/23
514,2023/04/05,4/5/2023,4,5,2023,14�C,24�C,28 Km/h,N/A,0,N/A,0%,weather events not reported,,,04/05/23
515,2023/05/05,5/5/2023,5,5,2023,18�C,24�C,21 Km/h,N/A,0,N/A,0%,weather events not reported,,,05/05/23
516,2023/06/05,6/5/2023,6,5,2023,15�C,23�C,32 Km/h,N/A,0,1013.2mb,0%,weather events not reported,,,06/05/23
517,2023/07/05,7/5/2023,7,5,2023,16�C,24�C,26 Km/h,N/A,0,N/A,0%,weather events not reported,,,07/05/23
518,2023/08/05,8/5/2023,8,5,2023,15�C,23�C,26 Km/h,N/A,0,N/A,0%,weather events not reported,,,08/05/23
519,2023/09/05,9/5/2023,9,5,2023,12�C,22�C,13 Km/h,N/A,0,1020.7mb,0%,weather events not reported,,,09/05/23
520,2023/10/05,10/5/2023,10,5,2023,14�C,26�C,16 Km/h,N/A,0,N/A,0%,weather events not reported,,,10/05/23
521,2023/11/05,11/5/2023,11,5,2023,17�C,25�C,42 Km/h,N/A,0,N/A,0%,weather events not reported,,,11/05/23
522,2023/12/05,12/5/2023,12,5,2023,14�C,16�C,28 Km/h,N/A,14.9,N/A,40%,Rain,,,12/05/23
523,5/13/2023,13/5/2023,13,5,2023,13�C,15�C,21 Km/h,N/A,50,N/A,80%,Rain,,,5/13/2023
524,5/14/2023,14/5/2023,14,5,2023,14�C,16�C,24 Km/h,32 Km/h,36,N/A,80%,Rain,,,5/14/2023
525,5/15/2023,15/5/2023,15,5,2023,12�C,19�C,N/A,N/A,39.1,1027.0mb,80%,weather events not reported,,,5/15/2023
526,5/16/2023,16/5/2023,16,5,2023,9�C,22�C,15 Km/h,N/A,0,N/A,0%,weather events not reported,,,5/16/2023
527,5/17/2023,17/5/2023,17,5,2023,12�C,20�C,26 Km/h,N/A,0,N/A,0%,weather events not reported,,,5/17/2023
528,5/18/2023,18/5/2023,18,5,2023,13�C,17�C,24 Km/h,N/A,0.2,N/A,25%,Rain,,,5/18/2023
529,5/19/2023,19/5/2023,19,5,2023,12�C,19�C,24 Km/h,N/A,0,N/A,0%,weather events not reported,,,5/19/2023
530,5/20/2023,20/5/2023,20,5,2023,8�C,21�C,13 Km/h,N/A,0,N/A,0%,weather events not reported,,,5/20/2023
531,5/21/2023,21/5/2023,21,5,2023,9�C,21�C,45 Km/h,N/A,0.5,1014.9mb,25%,Rain,,,5/21/2023
532,5/22/2023,22/5/2023,22,5,2023,10�C,19�C,24 Km/h,N/A,0,1023.7mb,0%,weather events not reported,,,5/22/2023
533,5/23/2023,23/5/2023,23,5,2023,9�C,22�C,N/A,N/A,0,1016.3mb,0%,weather events not reported,,,5/23/2023
534,5/24/2023,24/5/2023,24,5,2023,8�C,23�C,15 Km/h,N/A,0,1011.5mb,0%,weather events not reported,,,5/24/2023
535,5/25/2023,25/5/2023,25,5,2023,16�C,22�C,22 Km/h,N/A,1,1005.9mb,25%,Rain,,,5/25/2023
536,5/26/2023,26/5/2023,26,5,2023,12�C,19�C,42 Km/h,66 Km/h,0.5,N/A,25%,weather events not reported,,,5/26/2023
537,5/27/2023,27/5/2023,27,5,2023,8�C,22�C,N/A,N/A,0,N/A,0%,weather events not reported,,,5/27/2023
538,5/28/2023,28/5/2023,28,5,2023,7�C,23�C,13 Km/h,N/A,0,N/A,0%,weather events not reported,,,5/28/2023
539,5/29/2023,29/5/2023,29,5,2023,13�C,17�C,N/A,N/A,7.8,N/A,25%,Rain,,,5/29/2023
540,5/30/2023,30/5/2023,30,5,2023,15�C,21�C,28 Km/h,50 Km/h,2,1018.0mb,25%,Rain,,,5/30/2023
541,5/31/2023,31/5/2023,31,5,2023,13�C,20�C,24 Km/h,N/A,2,N/A,25%,weather events not reported,,,5/31/2023
542,2023/01/06,1/6/2023,1,6,2023,11�C,22�C,29 Km/h,N/A,0,N/A,0%,weather events not reported,,,01/06/23
543,2023/02/06,2/6/2023,2,6,2023,12�C,24�C,15 Km/h,N/A,0,N/A,0%,weather events not reported,,,02/06/23
544,2023/03/06,3/6/2023,3,6,2023,15�C,26�C,28 Km/h,52 Km/h,0,N/A,0%,weather events not reported,,,03/06/23
545,2023/04/06,4/6/2023,4,6,2023,11�C,18�C,16 Km/h,N/A,0,N/A,0%,weather events not reported,,,04/06/23
546,2023/05/06,5/6/2023,5,6,2023,10�C,20�C,41 Km/h,59 Km/h,0,1018.9mb,0%,weather events not reported,,,05/06/23
547,2023/06/06,6/6/2023,6,6,2023,10�C,20�C,16 Km/h,N/A,0,1018.7mb,0%,weather events not reported,,,06/06/23
548,2023/07/06,7/6/2023,7,6,2023,6�C,26�C,29 Km/h,N/A,0,N/A,0%,weather events not reported,,,07/06/23
549,2023/08/06,8/6/2023,8,6,2023,8�C,24�C,26 Km/h,N/A,0,N/A,0%,weather events not reported,,,08/06/23
550,2023/09/06,9/6/2023,9,6,2023,13�C,22�C,42 Km/h,61 Km/h,0,1014.8mb,0%,weather events not reported,,,09/06/23
551,2023/10/06,10/6/2023,10,6,2023,12�C,20�C,24 Km/h,N/A,0,N/A,0%,weather events not reported,,,10/06/23
552,2023/11/06,11/6/2023,11,6,2023,7�C,25�C,N/A,N/A,0,1014.7mb,0%,weather events not reported,,,11/06/23
553,2023/12/06,12/6/2023,12,6,2023,13�C,22�C,35 Km/h,N/A,0,1011.0mb,0%,weather events not reported,,,12/06/23
554,6/13/2023,13/6/2023,13,6,2023,11�C,21�C,61 Km/h,82 Km/h,0,N/A,0%,weather events not reported,,,6/13/2023
555,6/14/2023,14/6/2023,14,6,2023,13�C,24�C,46 Km/h,63 Km/h,3,N/A,25%,Rain,,,6/14/2023
556,6/15/2023,15/6/2023,15,6,2023,10�C,16�C,21 Km/h,N/A,9.9,1011.1mb,25%,Rain,,,6/15/2023
557,6/16/2023,16/6/2023,16,6,2023,9�C,20�C,21 Km/h,N/A,2,1017.5mb,25%,weather events not reported,,,6/16/2023
558,6/17/2023,17/6/2023,17,6,2023,8�C,28�C,26 Km/h,N/A,0,1012.8mb,0%,weather events not reported,,,6/17/2023
559,6/18/2023,18/6/2023,18,6,2023,12�C,19�C,16 Km/h,N/A,0,1018.7mb,0%,weather events not reported,,,6/18/2023
560,6/19/2023,19/6/2023,19,6,2023,9�C,22�C,50 Km/h,72 Km/h,0.2,1010.7mb,25%,Rain,,,6/19/2023
561,6/20/2023,20/6/2023,20,6,2023,9�C,17�C,48 Km/h,66 Km/h,0,N/A,0%,weather events not reported,,,6/20/2023
562,6/21/2023,21/6/2023,21,6,2023,5�C,21�C,45 Km/h,66 Km/h,0,1020.3mb,0%,Rain,,,6/21/2023
563,6/22/2023,22/6/2023,22,6,2023,9�C,17�C,22 Km/h,N/A,0,N/A,0%,weather events not reported,,,6/22/2023
564,6/23/2023,23/6/2023,23,6,2023,9�C,21�C,22 Km/h,N/A,0,1020.8mb,0%,weather events not reported,,,6/23/2023
565,6/24/2023,24/6/2023,24,6,2023,11�C,20�C,26 Km/h,N/A,0,1020.5mb,0%,weather events not reported,,,6/24/2023
566,6/25/2023,25/6/2023,25,6,2023,9�C,18�C,28 Km/h,N/A,0,N/A,0%,Rain,,,6/25/2023
567,6/26/2023,26/6/2023,26,6,2023,13�C,15�C,24 Km/h,N/A,30.9,N/A,80%,Rain,,,6/26/2023
568,6/27/2023,27/6/2023,27,6,2023,13�C,16�C,24 Km/h,42 Km/h,0,1022.7mb,0%,Rain,,,6/27/2023
